NO,TEMP,RH,DATE,TIME
121,22.1,84.2,12/02/2025,12:02:01
122,22.2,85.1,12/02/2025,12:12:01
123,22.3,83.7,12/02/2025,12:22:01
124,22.4,76.5,12/02/2025,12:32:01
125,22.5,79.1,12/02/2025,12:42:01
126,22.5,79.6,12/02/2025,12:52:01
127,22.6,81.6,12/02/2025,13:02:01
128,22.7,82.9,12/02/2025,13:12:01
129,22.7,82.1,12/02/2025,13:22:01
130,22.7,83.0,12/02/2025,13:32:01
131,22.7,82.9,12/02/2025,13:42:01
132,22.7,82.8,12/02/2025,13:52:01
133,22.6,82.8,12/02/2025,14:02:01
134,22.6,82.4,12/02/2025,14:12:01
135,22.6,82.5,12/02/2025,14:22:01
136,22.6,82.5,12/02/2025,14:32:01
137,22.7,82.6,12/02/2025,14:42:01
138,22.7,82.1,12/02/2025,14:52:01
139,22.7,81.5,12/02/2025,15:02:01
140,22.8,81.9,12/02/2025,15:12:01
141,22.8,81.9,12/02/2025,15:22:01
142,22.8,81.9,12/02/2025,15:32:01
143,22.8,81.8,12/02/2025,15:42:01
144,22.9,82.0,12/02/2025,15:52:01
145,22.9,81.8,12/02/2025,16:02:01
146,22.9,82.0,12/02/2025,16:12:01
147,22.9,82.0,12/02/2025,16:22:01
148,23.0,82.1,12/02/2025,16:32:01
149,23.1,82.0,12/02/2025,16:42:01
150,23.1,81.9,12/02/2025,16:52:01
151,23.2,81.9,12/02/2025,17:02:01
152,23.3,81.8,12/02/2025,17:12:01
153,23.3,81.3,12/02/2025,17:22:01
154,23.4,81.0,12/02/2025,17:32:01
155,23.3,80.9,12/02/2025,17:42:01
156,23.3,81.0,12/02/2025,17:52:01
157,23.3,81.1,12/02/2025,18:02:01
158,23.2,81.3,12/02/2025,18:12:01
159,23.2,81.5,12/02/2025,18:22:01
160,23.1,81.5,12/02/2025,18:32:01
161,23.0,81.6,12/02/2025,18:42:01
162,23.0,81.8,12/02/2025,18:52:01
163,23.0,81.6,12/02/2025,19:02:01
164,23.0,81.4,12/02/2025,19:12:01
165,22.9,81.4,12/02/2025,19:22:01
166,22.8,81.7,12/02/2025,19:32:01
167,22.8,81.8,12/02/2025,19:42:01
168,22.7,82.1,12/02/2025,19:52:01
169,22.6,81.8,12/02/2025,20:02:01
170,22.6,81.7,12/02/2025,20:12:01
171,22.5,82.2,12/02/2025,20:22:01
172,22.4,82.3,12/02/2025,20:32:01
173,22.3,82.8,12/02/2025,20:42:01
174,22.2,83.2,12/02/2025,20:52:01
175,22.2,83.4,12/02/2025,21:02:01
176,22.1,83.9,12/02/2025,21:12:01
177,22.1,84.0,12/02/2025,21:22:01
178,22.0,84.2,12/02/2025,21:32:01
179,22.0,84.5,12/02/2025,21:42:01
180,21.9,84.5,12/02/2025,21:52:01
181,21.9,84.6,12/02/2025,22:02:01
182,21.9,84.3,12/02/2025,22:12:01
183,21.9,84.4,12/02/2025,22:22:01
184,21.8,84.6,12/02/2025,22:32:01
185,21.8,84.8,12/02/2025,22:42:01
186,21.8,84.7,12/02/2025,22:52:01
187,21.8,85.0,12/02/2025,23:02:01
188,21.7,85.1,12/02/2025,23:12:01
189,21.7,85.1,12/02/2025,23:22:01
190,21.7,85.5,12/02/2025,23:32:01
191,21.7,85.5,12/02/2025,23:42:01
192,21.6,85.6,12/02/2025,23:52:01
193,21.6,85.7,13/02/2025,0:02:01
194,21.6,85.8,13/02/2025,0:12:01
195,21.6,85.9,13/02/2025,0:22:01
196,21.6,85.4,13/02/2025,0:32:01
197,21.6,85.6,13/02/2025,0:42:01
198,21.5,85.6,13/02/2025,0:52:01
199,21.5,85.6,13/02/2025,1:02:01
200,21.5,85.7,13/02/2025,1:12:01
201,21.5,85.8,13/02/2025,1:22:01
202,21.5,85.8,13/02/2025,1:32:01
203,21.4,85.9,13/02/2025,1:42:01
204,21.4,86.0,13/02/2025,1:52:01
205,21.4,86.1,13/02/2025,2:02:01
206,21.4,86.2,13/02/2025,2:12:01
207,21.4,86.2,13/02/2025,2:22:01
208,21.4,86.3,13/02/2025,2:32:01
209,21.4,86.4,13/02/2025,2:42:01
210,21.4,86.2,13/02/2025,2:52:01
211,21.4,86.0,13/02/2025,3:02:01
212,21.4,85.8,13/02/2025,3:12:01
213,21.4,85.8,13/02/2025,3:22:01
214,21.3,85.7,13/02/2025,3:32:01
215,21.3,85.8,13/02/2025,3:42:01
216,21.3,85.8,13/02/2025,3:52:01
217,21.3,85.9,13/02/2025,4:02:01
218,21.3,85.9,13/02/2025,4:12:01
219,21.3,86.1,13/02/2025,4:22:01
220,21.3,86.1,13/02/2025,4:32:01
221,21.3,86.1,13/02/2025,4:42:01
222,21.3,86.1,13/02/2025,4:52:01
223,21.3,86.1,13/02/2025,5:02:01
224,21.3,86.1,13/02/2025,5:12:01
225,21.3,86.1,13/02/2025,5:22:01
226,21.3,85.9,13/02/2025,5:32:01
227,21.3,85.9,13/02/2025,5:42:01
228,21.2,86.1,13/02/2025,5:52:01
229,21.2,86.3,13/02/2025,6:02:01
230,21.1,87.5,13/02/2025,6:12:01
231,21.1,87.6,13/02/2025,6:22:01
232,21.0,88.0,13/02/2025,6:32:01
233,21.0,88.1,13/02/2025,6:42:01
234,21.0,88.1,13/02/2025,6:52:01
235,21.0,88.2,13/02/2025,7:02:01
236,21.0,88.5,13/02/2025,7:12:01
237,21.0,88.8,13/02/2025,7:22:01
238,21.0,88.8,13/02/2025,7:32:01
239,21.0,89.0,13/02/2025,7:42:01
240,21.0,88.9,13/02/2025,7:52:01
241,21.0,89.0,13/02/2025,8:02:01
242,21.0,89.3,13/02/2025,8:12:01
243,21.0,89.4,13/02/2025,8:22:01
244,21.0,89.3,13/02/2025,8:32:01
245,21.0,89.6,13/02/2025,8:42:01
246,21.0,89.8,13/02/2025,8:52:01
247,21.0,90.0,13/02/2025,9:02:01
248,21.1,90.4,13/02/2025,9:12:01
249,21.1,90.7,13/02/2025,9:22:01
250,21.2,90.6,13/02/2025,9:32:01
251,21.2,90.9,13/02/2025,9:42:01
252,21.3,91.1,13/02/2025,9:52:01
253,21.4,91.2,13/02/2025,10:02:01
254,21.5,91.0,13/02/2025,10:12:01
255,21.5,90.5,13/02/2025,10:22:01
256,21.6,90.3,13/02/2025,10:32:01
257,21.6,90.0,13/02/2025,10:42:01
258,21.7,89.8,13/02/2025,10:52:01
259,21.7,89.6,13/02/2025,11:02:01
260,21.8,89.6,13/02/2025,11:12:01
261,21.8,89.6,13/02/2025,11:22:01
262,21.8,89.6,13/02/2025,11:32:01
263,21.8,89.4,13/02/2025,11:42:01
264,21.9,89.4,13/02/2025,11:52:01
265,21.9,89.5,13/02/2025,12:02:01
266,21.9,89.6,13/02/2025,12:12:01
267,22.0,89.7,13/02/2025,12:22:01
268,22.0,89.7,13/02/2025,12:32:01
269,22.1,89.3,13/02/2025,12:42:01
270,22.2,89.1,13/02/2025,12:52:01
271,22.2,89.1,13/02/2025,13:02:01
272,22.3,89.4,13/02/2025,13:12:01
273,22.3,89.3,13/02/2025,13:22:01
274,22.4,88.9,13/02/2025,13:32:01
275,22.4,89.0,13/02/2025,13:42:01
276,22.4,88.7,13/02/2025,13:52:01
277,22.5,88.6,13/02/2025,14:02:01
278,22.5,88.5,13/02/2025,14:12:01
279,22.6,88.7,13/02/2025,14:22:01
280,22.6,88.9,13/02/2025,14:32:01
281,22.7,88.9,13/02/2025,14:42:01
282,22.8,88.7,13/02/2025,14:52:01
283,22.8,88.3,13/02/2025,15:02:01
284,22.9,88.1,13/02/2025,15:12:01
285,22.9,88.2,13/02/2025,15:22:01
286,23.0,88.1,13/02/2025,15:32:01
287,23.0,86.4,13/02/2025,15:42:01
288,23.0,87.8,13/02/2025,15:52:01
289,23.1,85.8,13/02/2025,16:02:01
290,23.0,75.4,13/02/2025,16:12:01
291,23.0,73.5,13/02/2025,16:22:01
292,23.1,75.1,13/02/2025,16:32:01
293,23.2,76.0,13/02/2025,16:42:01
294,23.3,77.6,13/02/2025,16:52:01
295,23.3,76.6,13/02/2025,17:02:01
296,23.4,79.2,13/02/2025,17:12:01
297,23.4,79.0,13/02/2025,17:22:01
298,23.4,80.7,13/02/2025,17:32:01
299,23.4,81.0,13/02/2025,17:42:01
300,23.4,81.6,13/02/2025,17:52:01
301,23.4,81.0,13/02/2025,18:02:01
302,23.3,80.4,13/02/2025,18:12:01
303,23.3,79.8,13/02/2025,18:22:01
304,23.3,79.6,13/02/2025,18:32:01
305,23.3,79.9,13/02/2025,18:42:01
306,23.3,80.2,13/02/2025,18:52:01
307,23.2,79.5,13/02/2025,19:02:01
308,23.2,80.4,13/02/2025,19:12:01
309,23.2,80.8,13/02/2025,19:22:01
310,23.2,81.5,13/02/2025,19:32:01
311,23.2,81.6,13/02/2025,19:42:01
312,23.2,80.9,13/02/2025,19:52:01
313,23.1,81.0,13/02/2025,20:02:01
314,23.0,81.2,13/02/2025,20:12:01
315,22.9,81.4,13/02/2025,20:22:01
316,22.8,81.2,13/02/2025,20:32:01
317,22.8,81.6,13/02/2025,20:42:01
318,22.7,81.8,13/02/2025,20:52:01
319,22.6,82.1,13/02/2025,21:02:01
320,22.6,82.3,13/02/2025,21:12:01
321,22.5,82.4,13/02/2025,21:22:01
322,22.5,82.6,13/02/2025,21:32:01
323,22.4,82.8,13/02/2025,21:42:01
324,22.4,82.9,13/02/2025,21:52:01
325,22.3,83.0,13/02/2025,22:02:01
326,22.3,83.1,13/02/2025,22:12:01
327,22.3,83.2,13/02/2025,22:22:01
328,22.2,83.5,13/02/2025,22:32:01
329,22.2,83.7,13/02/2025,22:42:01
330,22.2,83.7,13/02/2025,22:52:01
331,22.2,83.7,13/02/2025,23:02:01
332,22.2,83.7,13/02/2025,23:12:01
333,22.2,83.4,13/02/2025,23:22:01
334,22.2,83.7,13/02/2025,23:32:01
335,22.1,83.5,13/02/2025,23:42:01
336,22.1,83.4,13/02/2025,23:52:01
337,22.0,83.5,14/02/2025,0:02:01
338,22.0,83.6,14/02/2025,0:12:01
339,22.0,83.8,14/02/2025,0:22:01
340,21.9,84.0,14/02/2025,0:32:01
341,21.9,83.8,14/02/2025,0:42:01
342,21.8,83.9,14/02/2025,0:52:01
343,21.8,83.9,14/02/2025,1:02:01
344,21.8,84.0,14/02/2025,1:12:01
345,21.7,84.0,14/02/2025,1:22:01
346,21.7,84.1,14/02/2025,1:32:01
347,21.7,84.3,14/02/2025,1:42:01
348,21.7,84.4,14/02/2025,1:52:01
349,21.6,84.4,14/02/2025,2:02:01
350,21.6,84.4,14/02/2025,2:12:01
351,21.6,84.4,14/02/2025,2:22:01
352,21.6,84.5,14/02/2025,2:32:01
353,21.6,84.6,14/02/2025,2:42:01
354,21.5,84.8,14/02/2025,2:52:01
355,21.5,84.8,14/02/2025,3:02:01
356,21.5,84.8,14/02/2025,3:12:01
357,21.5,84.8,14/02/2025,3:22:01
358,21.5,84.8,14/02/2025,3:32:01
359,21.4,84.8,14/02/2025,3:42:01
360,21.4,85.0,14/02/2025,3:52:01
361,21.3,84.9,14/02/2025,4:02:01
362,21.3,84.8,14/02/2025,4:12:01
363,21.3,84.5,14/02/2025,4:22:01
364,21.2,84.3,14/02/2025,4:32:01
365,21.2,84.4,14/02/2025,4:42:01
366,21.1,84.5,14/02/2025,4:52:01
367,21.1,84.7,14/02/2025,5:02:01
368,21.1,84.7,14/02/2025,5:12:01
369,21.1,84.8,14/02/2025,5:22:01
370,21.1,84.8,14/02/2025,5:32:01
371,21.0,84.7,14/02/2025,5:42:01
372,21.0,84.4,14/02/2025,5:52:01
373,21.0,84.1,14/02/2025,6:02:01
374,21.0,84.2,14/02/2025,6:12:01
375,20.9,84.2,14/02/2025,6:22:01
376,20.9,84.1,14/02/2025,6:32:01
377,20.9,84.0,14/02/2025,6:42:01
378,20.8,84.0,14/02/2025,6:52:01
379,20.8,84.2,14/02/2025,7:02:01
380,20.8,84.3,14/02/2025,7:12:01
381,20.7,84.1,14/02/2025,7:22:01
382,20.7,84.1,14/02/2025,7:32:01
383,20.7,84.1,14/02/2025,7:42:01
384,20.6,84.2,14/02/2025,7:52:01
385,20.6,84.1,14/02/2025,8:02:01
386,20.5,83.8,14/02/2025,8:12:01
387,20.5,83.7,14/02/2025,8:22:01
388,20.5,84.1,14/02/2025,8:32:01
389,20.4,84.4,14/02/2025,8:42:01
390,20.4,83.6,14/02/2025,8:52:01
391,20.4,82.8,14/02/2025,9:02:01
392,20.4,82.6,14/02/2025,9:12:01
393,20.4,82.6,14/02/2025,9:22:01
394,20.5,82.5,14/02/2025,9:32:01
395,20.5,83.0,14/02/2025,9:42:01
396,20.7,82.5,14/02/2025,9:52:01
397,20.9,82.1,14/02/2025,10:02:01
398,21.2,81.7,14/02/2025,10:12:01
399,21.5,81.4,14/02/2025,10:22:01
400,21.7,81.0,14/02/2025,10:32:01
401,21.8,80.7,14/02/2025,10:42:01
402,21.9,80.2,14/02/2025,10:52:01
403,21.9,79.7,14/02/2025,11:02:01
404,22.0,79.6,14/02/2025,11:12:01
405,22.1,79.6,14/02/2025,11:22:01
406,22.3,79.4,14/02/2025,11:32:01
407,22.3,79.1,14/02/2025,11:42:01
408,22.4,79.1,14/02/2025,11:52:01
409,22.4,79.1,14/02/2025,12:02:01
410,22.5,79.9,14/02/2025,12:12:01
411,22.7,80.9,14/02/2025,12:22:01
412,22.9,81.5,14/02/2025,12:32:01
413,23.0,80.8,14/02/2025,12:42:01
414,23.2,80.4,14/02/2025,12:52:01
415,23.3,79.6,14/02/2025,13:02:01
416,23.4,79.6,14/02/2025,13:12:01
417,23.4,79.2,14/02/2025,13:22:01
418,23.5,79.8,14/02/2025,13:32:01
419,23.6,79.5,14/02/2025,13:42:01
420,23.6,79.8,14/02/2025,13:52:01
421,23.7,79.8,14/02/2025,14:02:01
422,23.7,78.9,14/02/2025,14:12:01
423,23.8,79.8,14/02/2025,14:22:01
424,23.8,79.5,14/02/2025,14:32:01
425,23.9,79.7,14/02/2025,14:42:01
426,23.9,79.9,14/02/2025,14:52:01
427,23.9,79.9,14/02/2025,15:02:01
428,24.0,79.6,14/02/2025,15:12:01
429,24.0,79.2,14/02/2025,15:22:01
430,24.1,79.1,14/02/2025,15:32:01
431,24.1,79.4,14/02/2025,15:42:01
432,24.1,79.3,14/02/2025,15:52:01
433,24.1,79.3,14/02/2025,16:02:01
434,24.0,79.4,14/02/2025,16:12:01
435,24.0,79.5,14/02/2025,16:22:01
436,24.0,79.3,14/02/2025,16:32:01
437,24.0,79.3,14/02/2025,16:42:01
438,24.0,79.5,14/02/2025,16:52:01
439,23.9,79.7,14/02/2025,17:02:01
440,23.9,78.8,14/02/2025,17:12:01
441,23.8,78.2,14/02/2025,17:22:01
442,23.8,78.7,14/02/2025,17:32:01
443,23.6,78.2,14/02/2025,17:42:01
444,23.4,75.8,14/02/2025,17:52:01
445,23.1,77.6,14/02/2025,18:02:01
446,22.9,79.0,14/02/2025,18:12:01
447,22.9,78.7,14/02/2025,18:22:01
448,22.9,79.4,14/02/2025,18:32:01
449,22.8,79.8,14/02/2025,18:42:01
450,22.8,80.0,14/02/2025,18:52:01
451,22.8,80.1,14/02/2025,19:02:01
452,22.8,80.2,14/02/2025,19:12:01
453,22.8,80.0,14/02/2025,19:22:01
454,22.8,80.2,14/02/2025,19:32:01
455,22.8,79.9,14/02/2025,19:42:01
456,22.8,80.2,14/02/2025,19:52:01
457,22.9,80.3,14/02/2025,20:02:01
458,22.9,80.5,14/02/2025,20:12:01
459,22.9,80.6,14/02/2025,20:22:01
460,22.9,80.8,14/02/2025,20:32:01
461,22.9,81.1,14/02/2025,20:42:01
462,22.9,81.2,14/02/2025,20:52:01
463,22.8,80.3,14/02/2025,21:02:01
464,22.7,80.6,14/02/2025,21:12:01
465,22.7,81.0,14/02/2025,21:22:01
466,22.6,81.4,14/02/2025,21:32:01
467,22.6,81.8,14/02/2025,21:42:01
468,22.6,81.9,14/02/2025,21:52:01
469,22.6,82.2,14/02/2025,22:02:01
470,22.5,81.5,14/02/2025,22:12:01
471,22.5,83.8,14/02/2025,22:22:01
472,22.6,85.1,14/02/2025,22:32:01
473,22.6,84.5,14/02/2025,22:42:01
474,22.6,84.6,14/02/2025,22:52:01
475,22.6,84.6,14/02/2025,23:02:01
476,22.5,84.7,14/02/2025,23:12:01
477,22.5,84.7,14/02/2025,23:22:01
478,22.5,83.7,14/02/2025,23:32:01
479,22.5,85.8,14/02/2025,23:42:01
480,22.5,86.1,14/02/2025,23:52:01
481,22.4,87.5,15/02/2025,0:02:01
482,22.3,87.9,15/02/2025,0:12:01
483,22.2,87.8,15/02/2025,0:22:01
484,22.0,87.7,15/02/2025,0:32:01
485,21.9,88.1,15/02/2025,0:42:01
486,21.8,88.4,15/02/2025,0:52:01
487,21.7,88.7,15/02/2025,1:02:01
488,21.7,88.8,15/02/2025,1:12:01
489,21.6,88.9,15/02/2025,1:22:01
490,21.5,89.1,15/02/2025,1:32:01
491,21.5,89.3,15/02/2025,1:42:01
492,21.5,89.4,15/02/2025,1:52:01
493,21.5,89.3,15/02/2025,2:02:01
494,21.4,89.2,15/02/2025,2:12:01
495,21.4,89.3,15/02/2025,2:22:01
496,21.3,89.2,15/02/2025,2:32:01
497,21.3,88.8,15/02/2025,2:42:01
498,21.2,88.2,15/02/2025,2:52:01
499,21.1,88.5,15/02/2025,3:02:01
500,21.1,89.0,15/02/2025,3:12:01
501,21.0,89.2,15/02/2025,3:22:01
502,21.0,89.4,15/02/2025,3:32:01
503,21.0,89.4,15/02/2025,3:42:01
504,21.0,89.5,15/02/2025,3:52:01
505,20.9,89.5,15/02/2025,4:02:01
506,20.9,89.5,15/02/2025,4:12:01
507,20.9,89.4,15/02/2025,4:22:01
508,20.9,89.5,15/02/2025,4:32:01
509,20.9,89.3,15/02/2025,4:42:01
510,20.9,89.1,15/02/2025,4:52:01
511,20.8,89.2,15/02/2025,5:02:01
512,20.8,89.1,15/02/2025,5:12:01
513,20.8,89.2,15/02/2025,5:22:01
514,20.8,89.0,15/02/2025,5:32:01
515,20.8,88.6,15/02/2025,5:42:01
516,20.8,88.5,15/02/2025,5:52:01
517,20.7,88.5,15/02/2025,6:02:01
518,20.7,88.4,15/02/2025,6:12:01
519,20.7,88.2,15/02/2025,6:22:01
520,20.7,88.4,15/02/2025,6:32:01
521,20.7,88.3,15/02/2025,6:42:01
522,20.7,88.3,15/02/2025,6:52:01
523,20.7,88.3,15/02/2025,7:02:01
524,20.7,88.2,15/02/2025,7:12:01
525,20.6,88.4,15/02/2025,7:22:01
526,20.6,88.2,15/02/2025,7:32:01
527,20.6,88.2,15/02/2025,7:42:01
528,20.6,88.3,15/02/2025,7:52:01
529,20.6,88.2,15/02/2025,8:02:01
530,20.5,88.2,15/02/2025,8:12:01
531,20.6,88.3,15/02/2025,8:22:01
532,20.5,88.9,15/02/2025,8:32:01
533,20.6,88.7,15/02/2025,8:42:01
534,20.6,88.6,15/02/2025,8:52:01
535,20.5,88.4,15/02/2025,9:02:01
536,20.6,88.6,15/02/2025,9:12:01
537,20.6,88.8,15/02/2025,9:22:01
538,20.7,88.7,15/02/2025,9:32:01
539,20.7,88.6,15/02/2025,9:42:01
540,20.8,89.0,15/02/2025,9:52:01
541,20.9,88.7,15/02/2025,10:02:01
542,21.0,88.2,15/02/2025,10:12:01
543,21.2,87.8,15/02/2025,10:22:01
544,21.2,86.4,15/02/2025,10:32:01
545,21.3,85.9,15/02/2025,10:42:01
546,21.4,85.7,15/02/2025,10:52:01
547,21.5,85.6,15/02/2025,11:02:01
548,21.5,85.3,15/02/2025,11:12:01
549,21.7,84.9,15/02/2025,11:22:01
550,21.8,85.2,15/02/2025,11:32:01
551,21.9,82.2,15/02/2025,11:42:01
552,22.0,84.4,15/02/2025,11:52:01
553,22.2,84.6,15/02/2025,12:02:01
554,22.3,84.8,15/02/2025,12:12:01
555,22.4,84.9,15/02/2025,12:22:01
556,22.5,84.8,15/02/2025,12:32:01
557,22.6,84.6,15/02/2025,12:42:01
558,22.7,84.8,15/02/2025,12:52:01
559,22.7,84.5,15/02/2025,13:02:01
560,22.8,84.7,15/02/2025,13:12:01
561,22.9,84.6,15/02/2025,13:22:01
562,22.9,84.8,15/02/2025,13:32:01
563,23.0,84.4,15/02/2025,13:42:01
564,23.1,84.1,15/02/2025,13:52:01
565,23.2,84.3,15/02/2025,14:02:01
566,23.3,84.1,15/02/2025,14:12:01
567,23.3,84.1,15/02/2025,14:22:01
568,23.4,84.3,15/02/2025,14:32:01
569,23.4,84.4,15/02/2025,14:42:01
570,23.5,83.9,15/02/2025,14:52:01
571,23.6,84.1,15/02/2025,15:02:01
572,23.6,83.8,15/02/2025,15:12:01
573,23.7,83.6,15/02/2025,15:22:01
574,23.7,83.3,15/02/2025,15:32:01
575,23.7,83.0,15/02/2025,15:42:01
576,23.7,82.8,15/02/2025,15:52:01
577,23.7,82.7,15/02/2025,16:02:01
578,23.7,82.4,15/02/2025,16:12:01
579,23.6,82.2,15/02/2025,16:22:01
580,23.6,83.4,15/02/2025,16:32:01
581,23.6,83.6,15/02/2025,16:42:01
582,23.5,75.3,15/02/2025,16:52:01
583,23.4,74.3,15/02/2025,17:02:01
584,23.4,71.9,15/02/2025,17:12:01
585,23.3,72.9,15/02/2025,17:22:01
586,23.3,73.8,15/02/2025,17:32:01
587,23.2,74.7,15/02/2025,17:42:01
588,23.2,75.1,15/02/2025,17:52:01
589,23.2,75.5,15/02/2025,18:02:01
590,23.1,75.6,15/02/2025,18:12:01
591,23.1,75.8,15/02/2025,18:22:01
592,23.1,75.9,15/02/2025,18:32:01
593,23.0,76.5,15/02/2025,18:42:01
594,23.0,77.6,15/02/2025,18:52:01
595,23.0,77.7,15/02/2025,19:02:01
596,23.0,77.7,15/02/2025,19:12:01
597,22.9,75.9,15/02/2025,19:22:01
598,22.9,75.9,15/02/2025,19:32:01
599,22.9,75.6,15/02/2025,19:42:01
600,22.8,75.8,15/02/2025,19:52:01
601,22.8,76.0,15/02/2025,20:02:01
602,22.7,75.9,15/02/2025,20:12:01
603,22.7,76.0,15/02/2025,20:22:01
604,22.6,76.5,15/02/2025,20:32:01
605,22.6,77.5,15/02/2025,20:42:01
606,22.7,77.6,15/02/2025,20:52:01
607,22.7,77.6,15/02/2025,21:02:01
608,22.8,77.9,15/02/2025,21:12:01
609,22.9,78.0,15/02/2025,21:22:01
610,23.0,78.2,15/02/2025,21:32:01
611,23.1,78.1,15/02/2025,21:42:01
612,23.2,78.2,15/02/2025,21:52:01
613,23.2,78.1,15/02/2025,22:02:01
614,23.3,77.5,15/02/2025,22:12:01
615,23.2,78.0,15/02/2025,22:22:01
616,23.2,78.1,15/02/2025,22:32:01
617,23.3,78.1,15/02/2025,22:42:01
618,23.3,78.3,15/02/2025,22:52:01
619,23.3,78.2,15/02/2025,23:02:01
620,23.3,78.4,15/02/2025,23:12:01
621,23.3,78.5,15/02/2025,23:22:01
622,23.3,78.6,15/02/2025,23:32:01
623,23.3,78.7,15/02/2025,23:42:01
624,23.3,78.8,15/02/2025,23:52:01
625,23.2,78.7,16/02/2025,0:02:01
626,23.2,79.1,16/02/2025,0:12:01
627,23.2,79.2,16/02/2025,0:22:01
628,23.2,79.2,16/02/2025,0:32:01
629,23.2,79.2,16/02/2025,0:42:01
630,23.2,79.1,16/02/2025,0:52:01
631,23.1,79.2,16/02/2025,1:02:01
632,23.1,79.4,16/02/2025,1:12:01
633,23.0,79.5,16/02/2025,1:22:01
634,23.0,79.6,16/02/2025,1:32:01
635,23.0,79.6,16/02/2025,1:42:01
636,22.9,79.3,16/02/2025,1:52:01
637,22.8,79.6,16/02/2025,2:02:01
638,22.7,79.9,16/02/2025,2:12:01
639,22.6,80.2,16/02/2025,2:22:01
640,22.6,80.5,16/02/2025,2:32:01
641,22.6,80.9,16/02/2025,2:42:01
642,22.5,81.0,16/02/2025,2:52:01
643,22.5,80.4,16/02/2025,3:02:01
644,22.4,80.8,16/02/2025,3:12:01
645,22.4,81.1,16/02/2025,3:22:01
646,22.4,81.8,16/02/2025,3:32:01
647,22.3,81.9,16/02/2025,3:42:01
648,22.3,82.0,16/02/2025,3:52:01
649,22.2,81.0,16/02/2025,4:02:01
650,22.2,82.3,16/02/2025,4:12:01
651,22.0,82.9,16/02/2025,4:22:01
652,21.9,83.4,16/02/2025,4:32:01
653,21.8,84.0,16/02/2025,4:42:01
654,21.7,84.6,16/02/2025,4:52:01
655,21.6,85.0,16/02/2025,5:02:01
656,21.6,85.5,16/02/2025,5:12:01
657,21.5,86.1,16/02/2025,5:22:01
658,21.5,87.6,16/02/2025,5:32:01
659,21.4,87.9,16/02/2025,5:42:01
660,21.4,88.2,16/02/2025,5:52:01
661,21.3,88.5,16/02/2025,6:02:01
662,21.3,88.5,16/02/2025,6:12:01
663,21.2,88.7,16/02/2025,6:22:01
664,21.2,88.8,16/02/2025,6:32:01
665,21.2,88.8,16/02/2025,6:42:01
666,21.1,88.8,16/02/2025,6:52:01
667,21.1,88.8,16/02/2025,7:02:01
668,21.1,88.8,16/02/2025,7:12:01
669,21.0,88.8,16/02/2025,7:22:01
670,21.0,88.8,16/02/2025,7:32:01
671,20.9,88.9,16/02/2025,7:42:01
672,20.9,89.0,16/02/2025,7:52:01
673,20.9,89.0,16/02/2025,8:02:01
674,20.8,89.0,16/02/2025,8:12:01
675,20.8,89.0,16/02/2025,8:22:01
676,20.8,89.1,16/02/2025,8:32:01
677,20.7,89.3,16/02/2025,8:42:01
678,20.7,89.5,16/02/2025,8:52:01
679,20.7,89.9,16/02/2025,9:02:01
680,20.8,90.3,16/02/2025,9:12:01
681,20.8,90.6,16/02/2025,9:22:01
682,20.9,90.5,16/02/2025,9:32:01
683,21.0,91.0,16/02/2025,9:42:01
684,21.2,90.5,16/02/2025,9:52:01
685,21.5,89.9,16/02/2025,10:02:01
686,22.0,89.5,16/02/2025,10:12:01
687,22.5,88.3,16/02/2025,10:22:01
688,22.8,86.3,16/02/2025,10:32:01
689,23.0,85.7,16/02/2025,10:42:01
690,23.2,85.2,16/02/2025,10:52:01
691,23.3,85.0,16/02/2025,11:02:01
692,23.5,84.6,16/02/2025,11:12:01
693,23.7,84.5,16/02/2025,11:22:01
694,23.9,83.7,16/02/2025,11:32:01
695,24.0,83.0,16/02/2025,11:42:01
696,24.0,75.2,16/02/2025,11:52:01
697,23.6,69.1,16/02/2025,12:02:01
698,23.3,68.9,16/02/2025,12:12:01
699,23.3,69.8,16/02/2025,12:22:01
700,23.3,71.3,16/02/2025,12:32:01
701,23.3,69.6,16/02/2025,12:42:01
702,23.3,67.8,16/02/2025,12:52:01
703,23.3,69.4,16/02/2025,13:02:01
704,23.2,69.9,16/02/2025,13:12:01
705,23.2,70.7,16/02/2025,13:22:01
706,23.2,71.4,16/02/2025,13:32:01
707,23.2,71.8,16/02/2025,13:42:01
708,23.2,73.1,16/02/2025,13:52:01
709,23.2,73.4,16/02/2025,14:02:01
710,23.2,73.6,16/02/2025,14:12:01
711,23.2,73.6,16/02/2025,14:22:01
712,23.2,73.6,16/02/2025,14:32:01
713,23.3,73.4,16/02/2025,14:42:01
714,23.3,73.1,16/02/2025,14:52:01
715,23.3,72.9,16/02/2025,15:02:01
716,23.5,74.3,16/02/2025,15:12:01
717,23.6,76.1,16/02/2025,15:22:01
718,23.7,74.4,16/02/2025,15:32:01
719,23.8,71.5,16/02/2025,15:42:01
720,23.8,70.8,16/02/2025,15:52:01
721,23.8,70.0,16/02/2025,16:02:01
722,23.8,68.6,16/02/2025,16:12:01
723,23.8,70.0,16/02/2025,16:22:01
724,23.8,69.3,16/02/2025,16:32:01
725,23.8,70.6,16/02/2025,16:42:01
726,23.7,71.3,16/02/2025,16:52:01
727,23.6,71.2,16/02/2025,17:02:01
728,23.6,73.1,16/02/2025,17:12:01
729,23.5,71.6,16/02/2025,17:22:01
730,23.5,73.4,16/02/2025,17:32:01
731,23.4,73.1,16/02/2025,17:42:01
732,23.3,73.6,16/02/2025,17:52:01
733,23.3,73.9,16/02/2025,18:02:01
734,23.2,73.4,16/02/2025,18:12:01
735,23.1,74.0,16/02/2025,18:22:01
736,23.0,74.8,16/02/2025,18:32:01
737,23.0,75.1,16/02/2025,18:42:01
738,22.9,75.6,16/02/2025,18:52:01
739,22.9,75.9,16/02/2025,19:02:01
740,22.8,76.1,16/02/2025,19:12:01
741,22.8,76.4,16/02/2025,19:22:01
742,22.8,76.6,16/02/2025,19:32:01
743,22.7,77.6,16/02/2025,19:42:01
744,22.7,77.5,16/02/2025,19:52:01
745,22.7,77.8,16/02/2025,20:02:01
746,22.7,77.7,16/02/2025,20:12:01
747,22.7,79.7,16/02/2025,20:22:01
748,22.6,81.2,16/02/2025,20:32:01
749,22.6,81.2,16/02/2025,20:42:01
750,22.6,81.1,16/02/2025,20:52:01
751,22.6,81.3,16/02/2025,21:02:01
752,22.6,83.2,16/02/2025,21:12:01
753,22.6,84.0,16/02/2025,21:22:01
754,22.6,84.7,16/02/2025,21:32:01
755,22.5,84.6,16/02/2025,21:42:01
756,22.5,84.5,16/02/2025,21:52:01
757,22.4,84.6,16/02/2025,22:02:01
758,22.3,84.7,16/02/2025,22:12:01
759,22.3,84.9,16/02/2025,22:22:01
760,22.2,84.8,16/02/2025,22:32:01
761,22.2,84.9,16/02/2025,22:42:01
762,22.1,84.7,16/02/2025,22:52:01
763,22.0,84.8,16/02/2025,23:02:01
764,22.0,84.7,16/02/2025,23:12:01
765,21.9,84.8,16/02/2025,23:22:01
766,21.9,84.8,16/02/2025,23:32:01
767,21.9,85.0,16/02/2025,23:42:01
768,21.8,85.1,16/02/2025,23:52:01
769,21.8,85.3,17/02/2025,0:02:01
770,21.8,85.4,17/02/2025,0:12:01
771,21.8,85.6,17/02/2025,0:22:01
772,21.7,85.7,17/02/2025,0:32:01
773,21.7,85.6,17/02/2025,0:42:01
774,21.7,85.8,17/02/2025,0:52:01
775,21.7,85.7,17/02/2025,1:02:01
776,21.7,85.8,17/02/2025,1:12:01
777,21.7,85.8,17/02/2025,1:22:01
778,21.7,85.6,17/02/2025,1:32:01
779,21.6,85.5,17/02/2025,1:42:01
780,21.6,85.5,17/02/2025,1:52:01
781,21.5,85.4,17/02/2025,2:02:01
782,21.5,85.0,17/02/2025,2:12:01
783,21.5,85.4,17/02/2025,2:22:01
784,21.4,85.4,17/02/2025,2:32:01
785,21.4,85.5,17/02/2025,2:42:01
786,21.4,85.5,17/02/2025,2:52:01
787,21.4,85.4,17/02/2025,3:02:01
788,21.3,85.1,17/02/2025,3:12:01
789,21.3,85.0,17/02/2025,3:22:01
790,21.3,85.3,17/02/2025,3:32:01
791,21.3,84.9,17/02/2025,3:42:01
792,21.2,84.4,17/02/2025,3:52:01
793,21.2,84.5,17/02/2025,4:02:01
794,21.2,84.5,17/02/2025,4:12:01
795,21.2,84.7,17/02/2025,4:22:01
796,21.2,84.7,17/02/2025,4:32:01
797,21.2,84.7,17/02/2025,4:42:01
798,21.2,84.8,17/02/2025,4:52:01
799,21.2,84.6,17/02/2025,5:02:01
800,21.1,84.6,17/02/2025,5:12:01
801,21.1,84.7,17/02/2025,5:22:01
802,21.1,84.7,17/02/2025,5:32:01
803,21.1,84.9,17/02/2025,5:42:01
804,21.1,84.9,17/02/2025,5:52:01
805,21.1,84.9,17/02/2025,6:02:01
806,21.0,84.9,17/02/2025,6:12:01
807,21.0,85.0,17/02/2025,6:22:01
808,21.0,85.0,17/02/2025,6:32:01
809,21.0,85.1,17/02/2025,6:42:01
810,21.0,85.2,17/02/2025,6:52:01
811,21.0,85.2,17/02/2025,7:02:01
812,21.0,85.3,17/02/2025,7:12:01
813,21.0,85.3,17/02/2025,7:22:01
814,20.9,85.4,17/02/2025,7:32:01
815,20.9,85.2,17/02/2025,7:42:01
816,20.9,85.0,17/02/2025,7:52:01
817,20.9,85.1,17/02/2025,8:02:01
818,20.9,85.2,17/02/2025,8:12:01
819,20.9,85.2,17/02/2025,8:22:01
820,20.9,85.6,17/02/2025,8:32:01
821,20.9,85.7,17/02/2025,8:42:01
822,20.9,85.8,17/02/2025,8:52:01
823,21.0,86.1,17/02/2025,9:02:01
824,21.1,87.6,17/02/2025,9:12:01
825,21.2,87.7,17/02/2025,9:22:01
826,21.2,86.3,17/02/2025,9:32:01
827,21.3,86.3,17/02/2025,9:42:01
828,21.4,86.2,17/02/2025,9:52:01
829,21.5,85.6,17/02/2025,10:02:01
830,21.7,85.0,17/02/2025,10:12:01
831,21.8,84.6,17/02/2025,10:22:01
832,22.0,84.7,17/02/2025,10:32:01
833,22.2,84.2,17/02/2025,10:42:01
834,22.4,84.3,17/02/2025,10:52:01
835,22.5,84.5,17/02/2025,11:02:01
836,22.6,84.1,17/02/2025,11:12:01
837,22.7,83.7,17/02/2025,11:22:01
838,22.8,83.6,17/02/2025,11:32:01
839,22.9,83.3,17/02/2025,11:42:01
840,23.0,83.2,17/02/2025,11:52:01
841,23.1,83.2,17/02/2025,12:02:01
842,23.2,83.0,17/02/2025,12:12:01
843,23.4,83.0,17/02/2025,12:22:01
844,23.5,82.6,17/02/2025,12:32:01
845,23.6,82.1,17/02/2025,12:42:01
846,23.7,81.8,17/02/2025,12:52:01
847,23.7,81.4,17/02/2025,13:02:01
848,23.8,81.2,17/02/2025,13:12:01
849,23.8,80.9,17/02/2025,13:22:01
850,23.8,80.6,17/02/2025,13:32:01
851,23.8,80.7,17/02/2025,13:42:01
852,23.8,80.5,17/02/2025,13:52:01
853,23.8,80.7,17/02/2025,14:02:01
854,23.8,80.9,17/02/2025,14:12:01
855,23.8,80.9,17/02/2025,14:22:01
856,23.8,81.0,17/02/2025,14:32:01
857,23.8,81.4,17/02/2025,14:42:01
858,23.8,81.6,17/02/2025,14:52:01
859,23.7,81.4,17/02/2025,15:02:01
860,23.7,81.4,17/02/2025,15:12:01
861,23.7,81.7,17/02/2025,15:22:01
862,23.4,76.2,17/02/2025,15:32:01
863,23.0,78.7,17/02/2025,15:42:01
864,22.7,80.9,17/02/2025,15:52:01
865,22.5,82.2,17/02/2025,16:02:01
866,22.4,83.4,17/02/2025,16:12:01
867,22.3,84.9,17/02/2025,16:22:01
868,22.3,84.2,17/02/2025,16:32:01
869,22.2,83.7,17/02/2025,16:42:01
870,22.2,83.6,17/02/2025,16:52:01
871,22.3,82.3,17/02/2025,17:02:01
872,22.3,81.3,17/02/2025,17:12:01
873,22.4,81.6,17/02/2025,17:22:01
874,22.5,78.5,17/02/2025,17:32:01
875,22.5,78.8,17/02/2025,17:42:01
876,22.5,79.6,17/02/2025,17:52:01
877,22.6,79.6,17/02/2025,18:02:01
878,22.6,78.1,17/02/2025,18:12:01
879,22.6,76.5,17/02/2025,18:22:01
880,22.6,75.5,17/02/2025,18:32:01
881,22.5,75.1,17/02/2025,18:42:01
882,22.5,75.4,17/02/2025,18:52:01
883,22.5,76.2,17/02/2025,19:02:01
884,22.5,78.4,17/02/2025,19:12:01
885,22.5,78.5,17/02/2025,19:22:01
886,22.5,78.9,17/02/2025,19:32:01
887,22.4,80.0,17/02/2025,19:42:01
888,22.4,79.4,17/02/2025,19:52:01
889,22.3,79.1,17/02/2025,20:02:01
890,22.2,79.5,17/02/2025,20:12:01
891,22.1,79.8,17/02/2025,20:22:01
892,22.0,80.0,17/02/2025,20:32:01
893,22.0,80.5,17/02/2025,20:42:01
894,21.9,80.2,17/02/2025,20:52:01
895,21.8,80.7,17/02/2025,21:02:01
896,21.7,80.2,17/02/2025,21:12:01
897,21.7,80.1,17/02/2025,21:22:01
898,21.6,80.4,17/02/2025,21:32:01
899,21.6,81.0,17/02/2025,21:42:01
900,21.5,81.4,17/02/2025,21:52:01
901,21.5,81.4,17/02/2025,22:02:01
902,21.4,81.9,17/02/2025,22:12:01
903,21.4,82.7,17/02/2025,22:22:01
904,21.3,82.5,17/02/2025,22:32:01
905,21.2,82.8,17/02/2025,22:42:01
906,21.2,83.1,17/02/2025,22:52:01
907,21.1,83.0,17/02/2025,23:02:01
908,21.1,83.0,17/02/2025,23:12:01
909,21.0,82.7,17/02/2025,23:22:01
910,21.0,83.2,17/02/2025,23:32:01
911,20.9,83.3,17/02/2025,23:42:01
912,20.9,82.8,17/02/2025,23:52:01
913,20.8,83.1,18/02/2025,0:02:01
914,20.8,83.6,18/02/2025,0:12:01
915,20.8,83.9,18/02/2025,0:22:01
916,20.8,83.8,18/02/2025,0:32:01
917,20.8,84.2,18/02/2025,0:42:01
918,20.7,83.8,18/02/2025,0:52:01
919,20.7,83.4,18/02/2025,1:02:01
920,20.7,84.1,18/02/2025,1:12:01
921,20.7,84.1,18/02/2025,1:22:01
922,20.7,84.3,18/02/2025,1:32:01
923,20.6,84.8,18/02/2025,1:42:01
924,20.5,85.0,18/02/2025,1:52:01
925,20.5,85.2,18/02/2025,2:02:01
926,20.4,83.2,18/02/2025,2:12:01
927,20.3,83.4,18/02/2025,2:22:01
928,20.4,84.3,18/02/2025,2:32:01
929,20.4,85.2,18/02/2025,2:42:01
930,20.4,85.3,18/02/2025,2:52:01
931,20.4,85.5,18/02/2025,3:02:01
932,20.4,85.0,18/02/2025,3:12:01
933,20.3,85.0,18/02/2025,3:22:01
934,20.4,85.1,18/02/2025,3:32:01
935,20.3,84.5,18/02/2025,3:42:01
936,20.3,84.9,18/02/2025,3:52:01
937,20.3,85.3,18/02/2025,4:02:01
938,20.2,85.2,18/02/2025,4:12:01
939,20.3,85.1,18/02/2025,4:22:01
940,20.3,85.2,18/02/2025,4:32:01
941,20.3,85.6,18/02/2025,4:42:01
942,20.3,86.0,18/02/2025,4:52:01
943,20.3,87.5,18/02/2025,5:02:01
944,20.2,88.1,18/02/2025,5:12:01
945,20.2,87.7,18/02/2025,5:22:01
946,20.2,88.6,18/02/2025,5:32:01
947,20.2,88.1,18/02/2025,5:42:01
948,20.1,89.2,18/02/2025,5:52:01
949,20.1,89.6,18/02/2025,6:02:01
950,20.1,89.5,18/02/2025,6:12:01
951,20.1,89.2,18/02/2025,6:22:01
952,20.1,89.9,18/02/2025,6:32:01
953,20.0,90.0,18/02/2025,6:42:01
954,20.1,90.1,18/02/2025,6:52:01
955,20.0,90.2,18/02/2025,7:02:01
956,20.0,89.7,18/02/2025,7:12:01
957,20.0,89.8,18/02/2025,7:22:01
958,20.0,90.0,18/02/2025,7:32:01
959,20.0,90.1,18/02/2025,7:42:01
960,20.0,90.2,18/02/2025,7:52:01
961,19.9,90.2,18/02/2025,8:02:01
962,20.0,90.3,18/02/2025,8:12:01
963,19.9,89.8,18/02/2025,8:22:01
964,19.9,89.8,18/02/2025,8:32:01
965,19.9,89.3,18/02/2025,8:42:01
966,19.9,89.6,18/02/2025,8:52:01
967,19.9,89.7,18/02/2025,9:02:01
968,19.9,89.6,18/02/2025,9:12:01
969,19.9,89.8,18/02/2025,9:22:01
970,20.0,89.9,18/02/2025,9:32:01
971,20.0,90.0,18/02/2025,9:42:01
972,20.0,90.1,18/02/2025,9:52:01
973,20.1,90.0,18/02/2025,10:02:01
974,20.1,89.1,18/02/2025,10:12:01
975,20.1,89.7,18/02/2025,10:22:01
976,20.1,89.7,18/02/2025,10:32:01
977,20.2,90.1,18/02/2025,10:42:01
978,20.2,90.1,18/02/2025,10:52:01
979,20.3,90.3,18/02/2025,11:02:01
980,20.3,89.8,18/02/2025,11:12:01
981,20.4,89.7,18/02/2025,11:22:01
982,20.4,90.9,18/02/2025,11:32:01
983,20.4,91.4,18/02/2025,11:42:01
984,20.5,93.4,18/02/2025,11:52:01
985,20.6,91.2,18/02/2025,12:02:01
986,20.6,89.0,18/02/2025,12:12:01
987,20.6,88.7,18/02/2025,12:22:01
988,20.7,87.7,18/02/2025,12:32:01
989,20.7,85.9,18/02/2025,12:42:01
990,20.8,85.9,18/02/2025,12:52:01
991,20.9,84.5,18/02/2025,13:02:01
992,20.9,84.6,18/02/2025,13:12:01
993,21.0,85.6,18/02/2025,13:22:01
994,21.0,83.5,18/02/2025,13:32:01
995,21.2,83.2,18/02/2025,13:42:01
996,21.3,81.9,18/02/2025,13:52:01
997,21.5,81.5,18/02/2025,14:02:01
998,21.5,81.1,18/02/2025,14:12:01
999,21.7,80.9,18/02/2025,14:22:01
1000,21.9,80.6,18/02/2025,14:32:01
1001,22.0,78.5,18/02/2025,14:42:01
1002,22.0,75.7,18/02/2025,14:52:01
1003,22.0,76.3,18/02/2025,15:02:01
1004,22.1,74.7,18/02/2025,15:12:01
1005,22.1,76.4,18/02/2025,15:22:01
1006,22.1,74.5,18/02/2025,15:32:01
1007,22.2,78.0,18/02/2025,15:42:01
1008,22.2,74.3,18/02/2025,15:52:01
1009,22.2,77.9,18/02/2025,16:02:01
1010,22.2,75.4,18/02/2025,16:12:01
1011,22.3,71.1,18/02/2025,16:22:01
1012,22.3,70.8,18/02/2025,16:32:01
1013,22.3,71.1,18/02/2025,16:42:01
1014,22.4,73.5,18/02/2025,16:52:01
1015,22.5,74.3,18/02/2025,17:02:01
1016,22.7,74.1,18/02/2025,17:12:01
1017,22.8,69.3,18/02/2025,17:22:01
1018,22.6,67.5,18/02/2025,17:32:01
1019,22.6,68.3,18/02/2025,17:42:01
1020,22.5,70.4,18/02/2025,17:52:01
1021,22.6,73.0,18/02/2025,18:02:01
1022,22.8,73.5,18/02/2025,18:12:01
1023,23.0,73.3,18/02/2025,18:22:01
1024,23.2,73.0,18/02/2025,18:32:01
1025,23.3,73.5,18/02/2025,18:42:01
1026,23.3,72.9,18/02/2025,18:52:01
1027,23.4,72.9,18/02/2025,19:02:01
1028,23.4,73.5,18/02/2025,19:12:01
1029,23.4,73.5,18/02/2025,19:22:01
1030,23.4,74.0,18/02/2025,19:32:01
1031,23.4,74.4,18/02/2025,19:42:01
1032,23.3,74.7,18/02/2025,19:52:01
1033,23.3,76.0,18/02/2025,20:02:01
1034,23.2,76.3,18/02/2025,20:12:01
1035,23.1,77.5,18/02/2025,20:22:01
1036,23.0,77.5,18/02/2025,20:32:01
1037,22.9,77.7,18/02/2025,20:42:01
1038,22.9,77.8,18/02/2025,20:52:01
1039,22.8,78.2,18/02/2025,21:02:01
1040,22.7,78.8,18/02/2025,21:12:01
1041,22.7,78.8,18/02/2025,21:22:01
1042,22.6,79.4,18/02/2025,21:32:01
1043,22.5,78.9,18/02/2025,21:42:01
1044,22.4,78.9,18/02/2025,21:52:01
1045,22.3,79.1,18/02/2025,22:02:01
1046,22.3,79.5,18/02/2025,22:12:01
1047,22.2,80.2,18/02/2025,22:22:01
1048,22.2,80.7,18/02/2025,22:32:01
1049,22.1,80.6,18/02/2025,22:42:01
1050,22.1,81.1,18/02/2025,22:52:01
1051,22.0,81.7,18/02/2025,23:02:01
1052,22.0,81.3,18/02/2025,23:12:01
1053,21.9,82.1,18/02/2025,23:22:01
1054,21.8,82.5,18/02/2025,23:32:01
1055,21.7,81.1,18/02/2025,23:42:01
1056,21.7,80.8,18/02/2025,23:52:01
1057,21.6,81.2,19/02/2025,0:02:01
1058,21.5,81.9,19/02/2025,0:12:01
1059,21.4,81.5,19/02/2025,0:22:01
1060,21.4,81.7,19/02/2025,0:32:01
1061,21.3,80.9,19/02/2025,0:42:01
1062,21.2,82.1,19/02/2025,0:52:01
1063,21.2,82.4,19/02/2025,1:02:01
1064,21.2,82.5,19/02/2025,1:12:01
1065,21.1,82.8,19/02/2025,1:22:01
1066,21.1,83.4,19/02/2025,1:32:01
1067,21.1,82.5,19/02/2025,1:42:01
1068,21.1,82.9,19/02/2025,1:52:01
1069,21.1,82.9,19/02/2025,2:02:01
1070,21.1,83.4,19/02/2025,2:12:01
1071,21.0,83.9,19/02/2025,2:22:01
1072,21.0,84.8,19/02/2025,2:32:01
1073,21.0,85.3,19/02/2025,2:42:01
1074,21.0,84.6,19/02/2025,2:52:01
1075,21.0,85.1,19/02/2025,3:02:01
1076,21.0,86.2,19/02/2025,3:12:01
1077,21.0,86.4,19/02/2025,3:22:01
1078,20.9,85.3,19/02/2025,3:32:01
1079,20.9,83.7,19/02/2025,3:42:01
1080,20.9,84.3,19/02/2025,3:52:01
1081,20.8,84.3,19/02/2025,4:02:01
1082,20.8,84.8,19/02/2025,4:12:01
1083,20.8,86.3,19/02/2025,4:22:01
1084,20.8,86.0,19/02/2025,4:32:01
1085,20.8,87.6,19/02/2025,4:42:01
1086,20.7,87.7,19/02/2025,4:52:01
1087,20.7,86.0,19/02/2025,5:02:01
1088,20.7,86.3,19/02/2025,5:12:01
1089,20.7,88.2,19/02/2025,5:22:01
1090,20.7,88.3,19/02/2025,5:32:01
1091,20.6,88.4,19/02/2025,5:42:01
1092,20.6,88.0,19/02/2025,5:52:01
1093,20.5,88.2,19/02/2025,6:02:01
1094,20.6,88.1,19/02/2025,6:12:01
1095,20.6,88.8,19/02/2025,6:22:01
1096,20.6,88.0,19/02/2025,6:32:01
1097,20.5,88.6,19/02/2025,6:42:01
1098,20.5,89.3,19/02/2025,6:52:01
1099,20.5,89.9,19/02/2025,7:02:01
1100,20.5,89.5,19/02/2025,7:12:01
1101,20.4,88.9,19/02/2025,7:22:01
1102,20.4,88.4,19/02/2025,7:32:01
1103,20.4,89.6,19/02/2025,7:42:01
1104,20.3,90.2,19/02/2025,7:52:01
1105,20.2,89.9,19/02/2025,8:02:01
1106,20.2,90.2,19/02/2025,8:12:01
1107,20.2,90.7,19/02/2025,8:22:01
1108,20.2,90.1,19/02/2025,8:32:01
1109,20.2,89.9,19/02/2025,8:42:01
1110,20.1,90.3,19/02/2025,8:52:01
1111,20.2,90.9,19/02/2025,9:02:01
1112,20.2,90.6,19/02/2025,9:12:01
1113,20.2,90.2,19/02/2025,9:22:01
1114,20.3,89.8,19/02/2025,9:32:01
1115,20.4,89.2,19/02/2025,9:42:01
1116,20.5,89.7,19/02/2025,9:52:01
1117,20.6,89.3,19/02/2025,10:02:01
1118,20.7,88.9,19/02/2025,10:12:01
1119,20.7,88.9,19/02/2025,10:22:01
1120,21.0,88.4,19/02/2025,10:32:01
1121,21.4,85.6,19/02/2025,10:42:01
1122,21.9,84.4,19/02/2025,10:52:01
1123,22.2,83.5,19/02/2025,11:02:01
1124,22.4,82.9,19/02/2025,11:12:01
1125,22.5,81.8,19/02/2025,11:22:01
1126,22.5,80.3,19/02/2025,11:32:01
1127,22.7,79.3,19/02/2025,11:42:01
1128,22.8,78.5,19/02/2025,11:52:01
1129,22.8,78.1,19/02/2025,12:02:01
1130,23.0,75.3,19/02/2025,12:12:01
1131,23.1,73.7,19/02/2025,12:22:01
1132,23.2,74.6,19/02/2025,12:32:01
1133,23.2,74.0,19/02/2025,12:42:01
1134,23.3,71.7,19/02/2025,12:52:01
1135,23.3,73.1,19/02/2025,13:02:01
1136,23.4,71.5,19/02/2025,13:12:01
1137,23.4,71.4,19/02/2025,13:22:01
1138,23.5,70.0,19/02/2025,13:32:01
1139,23.5,70.2,19/02/2025,13:42:01
1140,23.5,71.3,19/02/2025,13:52:01
1141,23.5,71.2,19/02/2025,14:02:01
1142,23.5,71.5,19/02/2025,14:12:01
1143,23.4,71.2,19/02/2025,14:22:01
1144,23.5,71.1,19/02/2025,14:32:01
1145,23.6,69.8,19/02/2025,14:42:01
1146,23.7,68.5,19/02/2025,14:52:01
1147,23.8,68.4,19/02/2025,15:02:01
1148,23.8,68.5,19/02/2025,15:12:01
1149,23.9,67.7,19/02/2025,15:22:01
1150,23.9,67.7,19/02/2025,15:32:01
1151,23.9,67.6,19/02/2025,15:42:01
1152,24.0,66.9,19/02/2025,15:52:01
1153,24.1,65.6,19/02/2025,16:02:01
1154,24.2,63.6,19/02/2025,16:12:01
1155,24.3,60.8,19/02/2025,16:22:01
1156,24.5,60.2,19/02/2025,16:32:01
1157,24.5,60.1,19/02/2025,16:42:01
1158,24.6,61.6,19/02/2025,16:52:01
1159,24.7,62.8,19/02/2025,17:02:01
1160,24.7,62.8,19/02/2025,17:12:01
1161,24.7,62.9,19/02/2025,17:22:01
1162,24.7,63.0,19/02/2025,17:32:01
1163,24.8,62.6,19/02/2025,17:42:01
1164,24.9,62.1,19/02/2025,17:52:01
1165,24.9,61.5,19/02/2025,18:02:01
1166,25.0,61.9,19/02/2025,18:12:01
1167,25.1,62.3,19/02/2025,18:22:01
1168,25.1,63.2,19/02/2025,18:32:01
1169,25.1,63.8,19/02/2025,18:42:01
1170,25.1,64.1,19/02/2025,18:52:01
1171,25.1,64.8,19/02/2025,19:02:01
1172,25.1,65.0,19/02/2025,19:12:01
1173,25.0,66.1,19/02/2025,19:22:01
1174,25.0,67.2,19/02/2025,19:32:01
1175,24.9,68.1,19/02/2025,19:42:01
1176,24.8,68.8,19/02/2025,19:52:01
1177,24.6,69.4,19/02/2025,20:02:01
1178,24.5,69.5,19/02/2025,20:12:01
1179,24.4,69.6,19/02/2025,20:22:01
1180,24.3,70.2,19/02/2025,20:32:01
1181,24.3,70.6,19/02/2025,20:42:01
1182,24.2,71.2,19/02/2025,20:52:01
1183,24.0,71.7,19/02/2025,21:02:01
1184,24.0,71.8,19/02/2025,21:12:01
1185,23.9,72.8,19/02/2025,21:22:01
1186,23.8,72.9,19/02/2025,21:32:01
1187,23.7,72.8,19/02/2025,21:42:01
1188,23.5,73.8,19/02/2025,21:52:01
1189,23.5,73.2,19/02/2025,22:02:01
1190,23.4,71.2,19/02/2025,22:12:01
1191,23.3,73.0,19/02/2025,22:22:01
1192,23.2,73.3,19/02/2025,22:32:01
1193,23.1,73.5,19/02/2025,22:42:01
1194,23.0,71.8,19/02/2025,22:52:01
1195,22.9,73.6,19/02/2025,23:02:01
1196,22.8,75.2,19/02/2025,23:12:01
1197,22.7,74.2,19/02/2025,23:22:01
1198,22.6,74.8,19/02/2025,23:32:01
1199,22.5,75.3,19/02/2025,23:42:01
1200,22.5,75.7,19/02/2025,23:52:01
1201,22.4,78.1,20/02/2025,0:02:01
1202,22.4,77.6,20/02/2025,0:12:01
1203,22.3,78.2,20/02/2025,0:22:01
1204,22.2,78.6,20/02/2025,0:32:01
1205,22.2,78.8,20/02/2025,0:42:01
1206,22.1,79.1,20/02/2025,0:52:01
1207,22.1,78.7,20/02/2025,1:02:01
1208,22.0,78.1,20/02/2025,1:12:01
1209,22.0,78.2,20/02/2025,1:22:01
1210,21.9,78.7,20/02/2025,1:32:01
1211,21.9,79.4,20/02/2025,1:42:01
1212,21.9,80.3,20/02/2025,1:52:01
1213,21.9,82.3,20/02/2025,2:02:01
1214,21.8,82.7,20/02/2025,2:12:01
1215,21.8,83.5,20/02/2025,2:22:01
1216,21.8,84.0,20/02/2025,2:32:01
1217,21.7,83.5,20/02/2025,2:42:01
1218,21.7,81.9,20/02/2025,2:52:01
1219,21.6,80.7,20/02/2025,3:02:01
1220,21.5,81.4,20/02/2025,3:12:01
1221,21.5,82.3,20/02/2025,3:22:01
1222,21.4,82.6,20/02/2025,3:32:01
1223,21.3,81.0,20/02/2025,3:42:01
1224,21.3,81.5,20/02/2025,3:52:01
1225,21.2,82.8,20/02/2025,4:02:01
1226,21.2,82.0,20/02/2025,4:12:01
1227,21.1,84.0,20/02/2025,4:22:01
1228,21.1,83.1,20/02/2025,4:32:01
1229,21.1,82.6,20/02/2025,4:42:01
1230,21.0,82.9,20/02/2025,4:52:01
1231,21.0,82.4,20/02/2025,5:02:01
1232,20.9,83.3,20/02/2025,5:12:01
1233,20.9,84.1,20/02/2025,5:22:01
1234,20.9,83.5,20/02/2025,5:32:01
1235,20.8,81.9,20/02/2025,5:42:01
1236,20.7,81.7,20/02/2025,5:52:01
1237,20.7,82.9,20/02/2025,6:02:01
1238,20.7,83.0,20/02/2025,6:12:01
1239,20.6,82.5,20/02/2025,6:22:01
1240,20.6,82.9,20/02/2025,6:32:01
1241,20.5,82.2,20/02/2025,6:42:01
1242,20.5,82.5,20/02/2025,6:52:01
1243,20.5,81.5,20/02/2025,7:02:01
1244,20.4,81.6,20/02/2025,7:12:01
1245,20.4,81.2,20/02/2025,7:22:01
1246,20.3,81.2,20/02/2025,7:32:01
1247,20.3,81.4,20/02/2025,7:42:01
1248,20.3,81.6,20/02/2025,7:52:01
1249,20.3,83.5,20/02/2025,8:02:01
1250,20.3,84.2,20/02/2025,8:12:01
1251,20.3,83.0,20/02/2025,8:22:01
1252,20.3,83.5,20/02/2025,8:32:01
1253,20.3,84.4,20/02/2025,8:42:01
1254,20.3,83.9,20/02/2025,8:52:01
1255,20.3,83.3,20/02/2025,9:02:01
1256,20.4,83.2,20/02/2025,9:12:01
1257,20.4,83.5,20/02/2025,9:22:01
1258,20.5,83.9,20/02/2025,9:32:01
1259,20.5,83.5,20/02/2025,9:42:01
1260,20.5,82.8,20/02/2025,9:52:01
1261,20.5,82.6,20/02/2025,10:02:01
1262,20.6,81.9,20/02/2025,10:12:01
1263,20.6,81.8,20/02/2025,10:22:01
1264,20.7,81.7,20/02/2025,10:32:01
1265,20.8,81.3,20/02/2025,10:42:01
1266,20.8,80.9,20/02/2025,10:52:01
1267,20.9,80.6,20/02/2025,11:02:01
1268,21.0,80.4,20/02/2025,11:12:01
1269,21.0,79.4,20/02/2025,11:22:01
1270,21.1,78.6,20/02/2025,11:32:01
1271,21.2,78.5,20/02/2025,11:42:01
1272,21.3,78.0,20/02/2025,11:52:01
1273,21.5,76.0,20/02/2025,12:02:01
1274,21.6,75.6,20/02/2025,12:12:01
1275,21.7,75.2,20/02/2025,12:22:01
1276,21.9,75.4,20/02/2025,12:32:01
1277,22.1,74.7,20/02/2025,12:42:01
1278,22.3,73.1,20/02/2025,12:52:01
1279,22.4,71.5,20/02/2025,13:02:01
1280,22.5,71.2,20/02/2025,13:12:01
1281,22.6,71.2,20/02/2025,13:22:01
1282,22.7,70.9,20/02/2025,13:32:01
1283,22.8,70.3,20/02/2025,13:42:01
1284,22.9,69.3,20/02/2025,13:52:01
1285,23.0,69.1,20/02/2025,14:02:01
1286,23.1,68.6,20/02/2025,14:12:01
1287,23.1,68.4,20/02/2025,14:22:01
1288,23.2,68.8,20/02/2025,14:32:01
1289,23.3,69.6,20/02/2025,14:42:01
1290,23.4,68.5,20/02/2025,14:52:01
1291,23.4,69.0,20/02/2025,15:02:01
1292,23.5,68.8,20/02/2025,15:12:01
1293,23.6,69.3,20/02/2025,15:22:01
1294,23.7,68.5,20/02/2025,15:32:01
1295,23.7,68.6,20/02/2025,15:42:01
1296,23.8,68.4,20/02/2025,15:52:01
1297,23.8,68.1,20/02/2025,16:02:01
1298,23.9,67.2,20/02/2025,16:12:01
1299,24.0,67.7,20/02/2025,16:22:01
1300,24.0,68.0,20/02/2025,16:32:01
1301,24.1,67.5,20/02/2025,16:42:01
1302,24.1,67.8,20/02/2025,16:52:01
1303,24.2,68.1,20/02/2025,17:02:01
1304,24.1,66.8,20/02/2025,17:12:01
1305,24.1,66.0,20/02/2025,17:22:01
1306,24.0,64.5,20/02/2025,17:32:01
1307,24.2,68.5,20/02/2025,17:42:01
1308,27.1,80.1,20/02/2025,17:52:01
1309,30.1,55.0,20/02/2025,18:02:01
